{
    "training_raw_data_num_stats": {
        "Transaction Amount": {
            "mean": 226.76824951171875,
            "std": 270.39508056640625,
            "min": 10.0,
            "max": 12701.75,
            "25%": 68.61000061035156,
            "50%": 151.75999450683594,
            "75%": 296.04998779296875
        },
        "Quantity": {
            "mean": 3.00023015006599,
            "std": 1.4147364737645765,
            "min": 1.0,
            "max": 5.0,
            "25%": 2.0,
            "50%": 3.0,
            "75%": 4.0
        },
        "Customer Age": {
            "mean": 34.65040588378906,
            "std": 9.799893379211426,
            "min": 9.0,
            "max": 86.0,
            "25%": 28.0,
            "50%": 35.0,
            "75%": 41.0
        },
        "Account Age Days": {
            "mean": 179.64639784595832,
            "std": 106.86422304292233,
            "min": 1.0,
            "max": 365.0,
            "25%": 86.0,
            "50%": 179.0,
            "75%": 272.0
        },
        "Transaction Hour": {
            "mean": 11.28696386576073,
            "std": 6.975995283914547,
            "min": 0.0,
            "max": 23.0,
            "25%": 5.0,
            "50%": 11.0,
            "75%": 17.0
        },
        "Transaction Day": {
            "mean": 15.331926634404923,
            "std": 8.938388415195426,
            "min": 1.0,
            "max": 31.0,
            "25%": 7.0,
            "50%": 15.0,
            "75%": 23.0
        },
        "Transaction DOW": {
            "mean": 2.946404227700563,
            "std": 2.009459434558122,
            "min": 0.0,
            "max": 6.0,
            "25%": 1.0,
            "50%": 3.0,
            "75%": 5.0
        },
        "Transaction Month": {
            "mean": 2.050155062758325,
            "std": 0.8727386904609646,
            "min": 1.0,
            "max": 4.0,
            "25%": 1.0,
            "50%": 2.0,
            "75%": 3.0
        }
    },
    "training_cat_stats": {
        "Payment Method": {
            "credit card": 25.01296715711035,
            "bank transfer": 25.00271563499693,
            "debit card": 25.002647744122008,
            "PayPal": 24.981669463770714
        },
        "Product Category": {
            "health & beauty": 20.052724053465422,
            "electronics": 20.04776801959602,
            "clothing": 19.981574416545822,
            "toys & games": 19.977976200174886,
            "home & garden": 19.93995731021785
        },
        "Device Used": {
            "mobile": 33.3848625074001,
            "tablet": 33.33021035308686,
            "desktop": 33.28492713951303
        }
    },
    "training_feature_correlations": {
        "numerical_feature_correlations": {
            "method": "spearman",
            "description": "Upper-triangle Spearman correlation between raw numeric features.",
            "features": {
                "Transaction Amount": {
                    "Quantity": -0.0006911658447585231,
                    "Customer Age": 0.00014652782666107656,
                    "Account Age Days": -0.013568358546213887,
                    "Transaction Hour": -0.01118427475071622,
                    "Transaction Day": 0.002382970601784616,
                    "Transaction DOW": -8.900838704245611e-05,
                    "Transaction Month": -0.0006169915717517187
                },
                "Quantity": {
                    "Customer Age": 0.0007852454313128865,
                    "Account Age Days": 0.0012151776508005747,
                    "Transaction Hour": 6.652583529083973e-05,
                    "Transaction Day": 0.0008481175194406038,
                    "Transaction DOW": 0.0010085074926259598,
                    "Transaction Month": -0.0010117000966185737
                },
                "Customer Age": {
                    "Account Age Days": 0.00018169249704555232,
                    "Transaction Hour": 0.0011897871424764496,
                    "Transaction Day": -0.0004905164169206708,
                    "Transaction DOW": 0.0003593793636388187,
                    "Transaction Month": -0.0004832945545431092
                },
                "Account Age Days": {
                    "Transaction Hour": 0.01675681286806058,
                    "Transaction Day": -0.0009274351879600185,
                    "Transaction DOW": 0.0007955080928804611,
                    "Transaction Month": -2.926271520844224e-05
                },
                "Transaction Hour": {
                    "Transaction Day": 0.005546423325722003,
                    "Transaction DOW": 0.002453697431954743,
                    "Transaction Month": -0.00775936859206316
                },
                "Transaction Day": {
                    "Transaction DOW": 0.0471469237280543,
                    "Transaction Month": -0.07066975062907513
                },
                "Transaction DOW": {
                    "Transaction Month": 0.024068825283552635
                }
            }
        },
        "categorical_feature_correlations": {
            "method": "cramers_v",
            "description": "Upper-triangle Cram\u00e9r\u2019s V correlation between categorical features.",
            "features": {
                "Payment Method__Product Category": {
                    "correlation": 0.0013478367427609333
                },
                "Payment Method__Device Used": {
                    "correlation": 0.0011203756726609149
                },
                "Product Category__Device Used": {
                    "correlation": 0.001250008032163539
                }
            }
        },
        "numerical_categorical_feature_correlations": {
            "method": "correlation_ratio",
            "description": "Correlation ratio (\u03b7) between numeric and categorical features.",
            "features": {
                "Transaction Amount__Payment Method": {
                    "correlation": 0.000845687581936226
                },
                "Transaction Amount__Product Category": {
                    "correlation": 0.0012632573579782
                },
                "Transaction Amount__Device Used": {
                    "correlation": 0.0016821564357925286
                },
                "Quantity__Payment Method": {
                    "correlation": 0.0014432791991423586
                },
                "Quantity__Product Category": {
                    "correlation": 0.0014927342490482385
                },
                "Quantity__Device Used": {
                    "correlation": 0.000609716673820421
                },
                "Customer Age__Payment Method": {
                    "correlation": 0.0014910370545659411
                },
                "Customer Age__Product Category": {
                    "correlation": 0.0012255451751523813
                },
                "Customer Age__Device Used": {
                    "correlation": 0.0007594881772457461
                },
                "Account Age Days__Payment Method": {
                    "correlation": 0.0015874844290259286
                },
                "Account Age Days__Product Category": {
                    "correlation": 0.001607940618717655
                },
                "Account Age Days__Device Used": {
                    "correlation": 0.0004819701026447035
                },
                "Transaction Hour__Payment Method": {
                    "correlation": 0.0012637895218255335
                },
                "Transaction Hour__Product Category": {
                    "correlation": 0.0021175320685402265
                },
                "Transaction Hour__Device Used": {
                    "correlation": 0.0007435638014176904
                },
                "Transaction Day__Payment Method": {
                    "correlation": 0.0023600598734583715
                },